,Answer,Creation Date
0,"I put your code in to a fiddle, and it seems to work fine.

    https://jsfiddle.net/sparkmig/r471vzuo/3/

Have you tried to press ctrl + F5, to refresh you browser and clear the cache?

Another problem could be that you are using https in the script tag where you get the libary
 `&lt;script src=&quot;https://cdnjs.cloudflare.com/ajax/libs/jquery/3.3.1/jquery.min.js&quot;&gt;&lt;/script&gt;`

while your website might be using http. Its due to moderen browser security, that it isn&#39;t possible.
If that is the case, just change the script sources protocol to http, instead of https.

I can see that you are probaly using asp.net, so you can via IIS create a self signed certificate to run https protocol, instead of http
",2020-11-16 11:46:17
1,"I had the same problem and for me the solution was to install version 2 of aws cli. 

From the quick read it might have been caused by `Python` and `aws` version dependency mismatch. ",2020-11-16 11:50:23
2," You can do it like this:
``` 
num = int(input(&quot;Give me the number of rows: &quot;)) 
for i in range(0,num):
    for j in range(0, i):
        print(end = &quot; &quot;)
    for j in range(0, num - i):
        print(&quot;*&quot;,end = &quot; &quot;)
    print()
```",2020-11-16 11:50:16
3,"You can use two ways:

1 - Use adapter.notifyItemChanged(updateIndex)

2 - Use DiffUtil [link][1]

I recommend you research DiffUtil

  [1]: https://developer.android.com/reference/androidx/recyclerview/widget/DiffUtil",2020-11-16 11:49:56
4,"Please do remember, docker container internal is a Linux (or similar kind of) environment. While we are running the below command on windows command prompt(C:/&gt;) it is missing bash shell

docker container commit --change=&#39;CMD [&quot;java&quot;,&quot;-jar&quot;,&quot;/tmp/hello-world-rest-api.jar&quot;]&#39; boring_archimedes advanceinfo/hello-world-rest-api:manual2

So, we are getting below error

/bin/sh: [java,-jar,/tmp/hello-world-rest-api.jar]: not found

Please use one command prompt in windows which support bash shell example Git Bash prompt($)
Note: don&#39;t change the above command, only change the command prompt, it will work 1000% 





",2020-11-16 11:49:56
5,"```javascript
&lt;form onSubmit={handleSubmit(onSubmit)}&gt;
```

This is a function call, which means this gets called immediatelt the form is created on the DOM, your event listeners need to take a reference to the function which will then get called when the event occurs, to do that you wrap this function call in another anonymous function. Then the function will get called when the submit event occurs. So you need to do this 

```javascript
&lt;form onSubmit={()=&gt;{handleSubmit(onSubmit)}}&gt;
```
Also since this is a submit event, you might want to stop the default behaviour which refreshes the page. Like this


```javascript
&lt;form onSubmit={(ev)=&gt;{
  ev.preventDefault()
  handleSubmit(onSubmit)}}&gt;
``` 
## Update
I did not look at the JSX properly. There are a few things you are probably doing wrong
1. using ref to get input values rather than state
2. when taking in any kind of input you want to convert those fields into control components [Officila docs on controlled components](https://reactjs.org/docs/forms.html#controlled-components)
I suggest you understand this and state first, that will help you a lot. React docs still uses class components in example code but simply use use state instead of this.state for state varibales
 ",2020-11-16 11:08:16
6,"Remove the `{}` around the comparisons inside the filter block:

    $filteredRows = $R |Where-Object {$_.db_sync_state -eq &#39;NOT SYNCHRONIZING&#39; -or -not $_.is_failover_ready}",2020-11-16 11:49:38
7,"Another important note that I have missed, and fixed the &quot;Bad Source&quot; Error instantly:

(Just thought I will share my mistake just in case someone encounters it.. :))


Make sure the the correct path is selected in the git Console when you run the command:

    - git mv Source Destination

If needed, use:

    - cd SourceFolder

And then the mv command.
",2020-11-16 11:38:53
8,"I had the same issue. I fixed it by removing the content type.

Please check this article

https://upmostly.com/tutorials/upload-a-file-from-a-react-component",2020-11-16 11:49:31
9,"Try this -

    sum(range(1, n+1, 2))

",2020-11-16 11:49:31
10,"Please add zIndex to parent view. In iOS, the zIndex doesn&#39;t work for nested parentView. You need to make the parentView has high zIndex, and then target View again.

    .container {
       zIndex:101
    }
    .info {
       zIndex:100
    }",2020-11-16 11:49:22
11,"It happend to me when kjar module, in this case &#39;com.tisl.mpl.ruleengine:rrt-kjar:1.0.0&#39;, was not inside /opt/jboss/.m2/repository folder.
So make sure that you have tree structure like this:
/opt/jboss/.m2/repository/com/tisl/mpl/ruleengine/rrt-kjar/1.0.0/

And inside this folder you should have two files: rrt-kjar-1.0.0.jar and rrt-kjar-1.0.0.pom",2020-11-16 11:49:19
12,"For some reason, we create the pv/pvc at pre-phase for such Statefulset pods. During the upgrade, we delete the old pv/pvc and using the new, delete the old deployments and create headless service also keep some old services for load balancing.
Because pv/pvc only bond once, have to delete the old pv. ",2020-11-16 11:14:32
13,"**(Disclosure: I&#39;m one of the authors of the library I&#39;m going to suggest)**

With [StyleFrame][1] (that wraps pandas) you can read an excel file into a dataframe without loosing the style data.

Consider the following sheet:

[![enter image description here][2]][2]

And the following code:

    from styleframe import StyleFrame, utils
    # from StyleFrame import StyleFrame, utils (if using version &lt; 3.X)

    sf = StyleFrame.read_excel(&#39;test.xlsx&#39;, read_style=True)
    print(sf)

    #          b  p                  y
    #     0  nan  3             1000.0
    #     1  3.0  4                2.0
    #     2  4.0  5  42902.72396767148

    sf = sf[[col for col in sf.columns
             if col.style.fill.fgColor.rgb in (&#39;FFFFFFFF&#39;, utils.colors.white)]]
             # &quot;white&quot; can be represented as &#39;FFFFFFFF&#39; or
             # &#39;00FFFFFF&#39; (which is what utils.colors.white is set to)
    print(sf)

    #          b
    #    0   nan
    #    1   3.0
    #    2   4.0


  [1]: https://github.com/DeepSpace2/StyleFrame
  [2]: https://i.stack.imgur.com/SQ96I.png",2017-07-01 17:51:12
14,"Basically, all you have to do is inside the `$Tab1CBB1_SelectedIndexChanged` scriptblock use the various lists with [script scoping](https://docs.microsoft.com/en-us/powershell/module/microsoft.powershell.core/about/about_scopes).

Without that, the variables are unknown inside the script block.

    $Tab1CBB1_SelectedIndexChanged = {
        $Tab1CBB2.Items.Clear() # Clear the list
        $Tab1CBB2.Text = $null  # Clear the current entry
        switch ($Tab1CBB1.Text) {
            &#39;QA14&#39;      { $script:ListQA14 | ForEach-Object { $Tab1CBB2.Items.Add($_) } }
            &#39;QA15&#39;      { $script:ListQA15 | ForEach-Object { $Tab1CBB2.Items.Add($_) } }
            &#39;ARIELDBQA&#39; { $script:ListDBQA | ForEach-Object { $Tab1CBB2.Items.Add($_) } }
        }
    }

Another method could be to dynamically get the items to enter in the combobox, especially since these are file lists and can change while your form is being used:

    $Tab1CBB1_SelectedIndexChanged = {
        $Tab1CBB2.Items.Clear() # Clear the list
        $Tab1CBB2.Text = $null  # Clear the current entry
        switch ($Tab1CBB1.Text) {
            &#39;QA14&#39;      { $path = $script:pathQA14 ; break }
            &#39;QA15&#39;      { $path = $script:pathQA15 ; break }
            &#39;ARIELDBQA&#39; { $path = $script:pathDBQA }
        }
        Get-ChildItem -Path $path -Name | ForEach-Object { $Tab1CBB2.Items.Add($_) }
    }",2020-11-16 11:33:49
15,"Use ```explode``` to explode map data.Try below code.

```
df.select(map(df.columns.flatMap(c =&gt; Seq(lit(c),col(c))):_*).as(&quot;map&quot;))
.select(explode($&quot;map&quot;))
.show(false)
```",2020-11-16 11:48:55
16,"    DECLARE @id INT
    DECLARE @filename NVARCHAR(100)
    DECLARE @getid CURSOR
    
    SET @getid = CURSOR FOR
    SELECT top 3 id,
    filename 
    FROM  table
    
    OPEN @getid
    WHILE 1=1
    BEGIN
    
        FETCH NEXT
        FROM @getid INTO @id, @filename
        IF @@FETCH_STATUS &lt; 0 BREAK
    
        print @id
    
    END
    
    
    CLOSE @getid
    DEALLOCATE @getid",2020-11-15 13:35:53
17,"In this case when using position: absolute ..

&gt; .. the containing block is formed by the padding edge of the ancestor.

See [CSS Specifications - 10.1 Definition of &quot;containing block&quot;][1]


  [1]: https://www.w3.org/TR/CSS21/visudet.html#containing-block-details

For whatever reason..
",2020-11-16 11:48:38
18,"Regarding questions 1 and 2, please check the description below:

We recommend that you host your source code on github and use Azure Devops for continuous integration/continuous deployment (CI/CD). This is because Azure DevOps Public Projects aren&#39;t generally discoverable to the general public. A project member needs to publicize the URL for it to be found.

You could use Azure DevOps for free and open-sourced projects. An Azure DevOps Services public project provides support to share code with others and to support continuous integration/continuous deployment (CI/CD) of open-source software. Users aren&#39;t required to sign in to gain read-only access to many of the services.

You could refer to this [document][1] to view more detailed information about public project.

Because here from what I can see, I cannot use Azure DevOps in these cases. Is that correct?

Your understanding is correct. The entry of the Code of Conduct is to build a better Azure Devops and let our users get a better experience.


  [1]: https://docs.microsoft.com/en-us/azure/devops/organizations/public/about-public-projects?view=azure-devops",2020-11-16 11:42:18
19,"OK, guys, that was chips. Read more here:

https://developer.android.com/reference/com/google/android/material/chip/ChipGroup",2020-11-16 11:48:33
20,"You have to use an `ObservableObject` for subscribing to the publisher provided by ImageLoader.

    class ImageProvider: ObservableObject {
        @Published var image = UIImage(named: &quot;icHamburger&quot;)!
        private var cancellable: AnyCancellable?
        private let imageLoader = ImageLoader()
    
        func loadImage(url: URL) {
            self.cancellable = imageLoader.publisher(for: url)
                .sink(receiveCompletion: { failure in
                print(failure)
            }, receiveValue: { image in
                self.image = image
            })
        }
    }
    
    struct MyImageView: View {
        var url: URL
        @StateObject var viewModel = ImageProvider()
        var body: some View {
            Image(uiImage: viewModel.image)
                .onAppear {
                    viewModel.loadImage(url: url)
                }
        }
    }",2020-11-16 11:19:20
21,"Use:


    df1 = df.loc[df.index.repeat(df.pop(&#39;Freq&#39;))]
    df1[&#39;ID&#39;] = df1[&#39;ID&#39;].astype(str) + &#39;_&#39; + df1.groupby(level=0).cumcount().add(1).astype(str)
    df1 = df1.reset_index(drop=True)
    print (df1)
                  ID  attribute_x  attribute_y
    0  10001021011_1           54           54
    1  10001021011_2           54           54
    2  10001021011_3           54           54
    3  10001021011_4           54           54",2020-11-16 11:48:28
22,"It seems to be working correctly in Angular, actually. The array is sorted correctly by the name of the singers, as this is what you compare:

    const bandA = a.name;
    const bandB = b.name;

My guess is that your code in &#39;native&#39; javascript really compared the bands.",2020-11-16 11:48:27
23,"    array.sort_by{|x| ( x.class == Array ? x.join(&quot; &quot;) : x.to_s ).split(/(\d+)/).map{|x| x.to_s.strip }.select{|x| x.to_s != &quot;&quot; }.map{|x| x =~ /\d+/ ? x.to_s.rjust(30) : x }}

This can compare arrays by arrays in the sort_by method even if the type of the matching items differ. Even if there are deeper nested arrays. Example:

    [ &quot;3  a   22&quot;, &quot;b  22     1&quot;, &quot;   b  5  &quot;, [11, 2, [4, 5]] ] #=&gt;
    [ &quot;3  a   22&quot;, [11, 2, [4, 5]], &quot;   b  5  &quot;, &quot;b  22     1&quot; ]

The point here is that during the sort if an item is a nested array then we convert it to a string beforehand. And if parts of the string contain digits only then we do not convert them to numeric values but instead extend them with spaces, like:

    30 #=&gt; &quot;                         30&quot;

This way all objects will be compatible strings and the sorting will be able to compare them resulting in a numeric sort if the matching objects at their positions are numbers only.",2020-11-16 11:31:30
24,"In your case it would be better to use **WebView** to preview files like pdf .

### In forms 

Create a custom webview

    public class MyWebView : WebView
	{
		public static readonly BindableProperty UriProperty = BindableProperty.Create(propertyName: &quot;Uri&quot;,
				returnType: typeof(string),
				declaringType: typeof(MyWebView),
				defaultValue: default(string));

		public string Uri
		{
			get { return (string)GetValue(UriProperty); }
			set { SetValue(UriProperty, value); }
		}
	}


### in Android project

```

using Android.Content;
using Android.Net.Http;
using Android.OS;
using Android.Runtime;
using Android.Views;
using Android.Webkit;
using Android.Widget;
using App32;
using App32.Droid;
using Xamarin.Forms;
using Xamarin.Forms.Platform.Android;

[assembly: ExportRenderer(typeof(MyWebView), typeof(CustomWebViewRenderer))]
namespace App32.Droid
{
    public class CustomWebViewRenderer : WebViewRenderer
    {
        Context _context;
        public CustomWebViewRenderer(Context context) : base(context)
        {
            _context = context;
        }

        protected override void OnElementChanged(ElementChangedEventArgs&lt;Xamarin.Forms.WebView&gt; e)
        {
            base.OnElementChanged(e);

            if (e.NewElement != null)
            {
                Android.Webkit.WebView web_view = new Android.Webkit.WebView(_context);
                web_view.LoadUrl(&quot;https://drive.google.com/viewerng/viewer?embedded=true&amp;url=&quot;+((MyWebView)Element).Uri);
           
                SetNativeControl(web_view);
                Control.Settings.JavaScriptEnabled = true;
               
            }
        }
    }

    
}
```

### in iOS project

```
using System;
using App32;
using App32.iOS;
using Foundation;
using ObjCRuntime;
using UIKit;
using WebKit;
using Xamarin.Forms.Platform.iOS;

[assembly: Xamarin.Forms.ExportRenderer(typeof(MyWebView), typeof(MyWebViewRenderer))]
namespace App32.iOS
{
    public class MyWebViewRenderer : ViewRenderer&lt;MyWebView, WKWebView&gt;
    {
        WKWebView _wkWebView;

        protected override void OnElementChanged(ElementChangedEventArgs&lt;MyWebView&gt; e)
        {
            base.OnElementChanged(e);

            if (Control == null)
            {
                var config = new WKWebViewConfiguration();
                _wkWebView = new WKWebView(Frame, config);
               
                SetNativeControl(_wkWebView);
            }

            if(e.NewElement!=null)
            {
                var webview = Element as MyWebView;

                var url = webview.Uri;

                Control.LoadRequest(new NSUrlRequest(new NSUrl(&quot;https://drive.google.com/viewerng/viewer?embedded=true&amp;url=&quot; + webview.Uri)));
            }

        }
        

    }

  
}
```

### in xaml
 
Now you can use it in xaml like (you could open a new ContentPage that contains the WebView)

```
&lt;StackLayout HorizontalOptions=&quot;FillAndExpand&quot; VerticalOptions=&quot;FillAndExpand&quot;&gt;

        &lt;local:MyWebView Uri=&quot;https://www.pdfpdf.com/samples/Sample1.PDF&quot;/&gt;

&lt;/StackLayout&gt;
```
",2020-11-16 11:04:55
25,"```
np.rate(num_of_payments,month_payment,loan_amount,num_iteration_for_solutions)
condition for solution
|num_of_payments*month_payment|&gt;loan_amount

month_payment should be negative (money change in your account)
``",2020-11-16 11:48:10
26,"A solution using `rempat` and implicit expansion:

    repmat(1:5&lt;(2:6)&#39;,3,2)",2020-11-16 11:47:52
27,"You need to define an internal table, something like the this [official example](https://sapui5.hana.ondemand.com/#/entity/sap.ui.comp.smarttable.SmartTable/sample/sap.ui.comp.sample.smarttable.mtableDataState/code).

As soon as you defined the internal table, then you can play with `&lt;Table&gt;` to disable the entire row you need to define a [mode](https://sapui5.hana.ondemand.com/#/api/sap.m.ListMode) for the interior table. 

```js
&lt;Table mode=&quot;None&quot; ...&gt;
```

More example also can be found [here](https://stackoverflow.com/questions/24327875/how-to-handle-the-itempress-of-sap-m-table)",2020-11-16 11:47:43
28,"I had enabled the flag in Enable new USB backend in [chrome://flags/#new-usb-backend][1] 


  [1]: chrome://flags/#new-usb-backend
I changed it to default and it worked",2020-11-16 11:47:40
29,"I believe this may be a genuine bug, from the [documentation][1] `\l` should load in any q serialized file. However I would advise against using `\l` to load in files, for the following reasons 
 * When loading enumerated partition table, it&#39;s very easy to not load the associated sym file and then have no symbols (see the example below)
 * Files are loaded in with the name of the file, which can overwrite objects, it&#39;s much better to use `get`

```q
q)t:.Q.en[`:tmp;([] c1:`a`b`c; c2:10 20 30)]
q)`:/tmp/data3/t/ set t
`:/tmp/data3/t/
q)\\

C:\Users\cbiggs\Documents&gt;q
KDB+ 4.0 2020.05.04 Copyright (C) 1993-2020 Kx Systems
w64/ 8(16)core 16227MB cbiggs lptp633 192.168.56.1 EXPIRE 2021.05.18 cbiggs@kx.com KOD #4170988

q)\l /tmp/data3/t
`t
q)t
c1 c2
-----
0  10
1  20
2  30
```

  [1]: https://code.kx.com/q4m3/13_Commands_and_System_Variables/#13111-load-l",2020-11-16 11:47:32
30,"To Run this in your local machine with Chrome browser &gt;=79 please follow below steps.
I fixed my problem by going to chrome://flags/ then search for cookies. Set the following 3 flags to disabled...

SameSite by default cookies
Enable removing SameSite=None cookies
Cookies without SameSite must be secure

RAHUL GUPTA
TECHYMONK
",2020-11-16 11:47:26
31,"driver.find_element_by_css_selector(&#39;.na.finger.product-container&#39;).get_attribute(&#39;na-data&#39;)

return 

{&quot;ids_value&quot;:[&quot;#290#&quot;],&quot;ids_key&quot;:&quot;item_type_ids&quot;,&quot;item_type_ids&quot;:[&quot;#290#&quot;],&quot;tag_ids&quot;:[&quot;#4#&quot;],&quot;app_page_section_id&quot;:10103,&quot;app_page_id&quot;:10011}

thanks everyone!",2020-11-16 11:47:21
32,"@Lubomir, have you tried that jmespath already ? official doc of flask app builder does not mention that it works with ldap.  Anyways, i tried it snippet as mentioned as AUTH_USER_REGISTRATION_ROLE_JMESPATH = &#39;email == &#39;user1@domain.com&#39; &amp;&amp; &#39;Admin&#39; || (email == &#39;user2@domain.com&#39; &amp;&amp; &#39;Op&#39; || &#39;Viewer&#39;)&#39; in the webserver_config.py but I am getting syntax error. What is the proper way to use jmespath ? I have not used it before.",2020-11-16 11:47:10
33,"try it

change your package like this

[![enter image description here][1]][1]

create build flavors for split version like debug release or ...

this flavor setting is mine you can change for your need

in build.gradle(app)


    productFlavors {

        newStage {

            buildConfigField(STRING, API_BASE_URL, &#39;\&quot;http://link\&quot;&#39;)
            buildConfigField(STRING, SOCKET_BASE_URL, &#39;\&quot;ws://link/\&quot;&#39;)

            applicationId = &quot;com.package.newStage&quot;

            versionNameSuffix = &#39;-NEW-STAGE&#39;

        }

        stage {

            buildConfigField(STRING, API_BASE_URL, &#39;\&quot;link\&quot;&#39;)
            buildConfigField(STRING, SOCKET_BASE_URL, &#39;\&quot;link/\&quot;&#39;)

            applicationId = &quot;com.package.stage&quot;

            versionNameSuffix = &#39;-STAGE&#39;

        }

        product {

            buildConfigField(STRING, API_BASE_URL, &#39;\&quot;link&quot;&#39;)
            buildConfigField(STRING, SOCKET_BASE_URL, &#39;\&quot;link\&quot;&#39;)
            applicationId = &quot;com.package&quot;

        }

    }


and set sourceSets for set flavor path resource and class

        sourceSets {

        main {
            jniLibs.srcDir &#39;src/main/libs&#39;
        }


        newStage {
            resources.srcDirs = [&#39;src/newStage/resources&#39;,]
            flavorDimensions &quot;newStage&quot;
        }

        stage {
            resources.srcDirs = [&#39;src/stage/resources&#39;,]
            flavorDimensions &quot;stage&quot;
        }

        product {
            java.srcDirs = [&#39;src/main/java&#39;,]
            resources.srcDirs = [&#39;src/main/resources&#39;,]
            flavorDimensions &quot;product&quot;
        }

    }


  [1]: https://i.stack.imgur.com/78qVg.png",2020-11-16 11:47:05
34,"@lissettdm @Eran. Thank you for your answers, I went with the following :

      indexG = 0;

            $scope.increase = function(item) {
                var childHasParent = documentsLines.find(element =&gt; element.lineIndex == item);
                if (childHasParent != null) {

                    $scope.count[indexG] = $scope.count[indexG] == undefined ? 1 : $scope.count[indexG] + 1;

                    var exist = childHasParent.parentLineIndex != -1;

                    if (exist) {
                        increase(childHasParent.parentLineIndex);
                    }
                } else {
                    indexG = 0;
                    console.log($scope.count);
                    return $scope.count;
                }
            }

            $scope.myFunction =function() {

                documentsLines = json[0].editableDocumentLines;
                $scope.count = [];


                for (i = 0; i &lt; documentsLines.length; i++) {
                    item = documentsLines[i];

                    if (item.parentLineIndex != -1) {
                        indexG = item.lineIndex;
                        increase(item.parentLineIndex);

                    }

                }
                console.log(count)
                return $scope.count;
            }",2020-11-16 11:46:52
35,"getDownloadURL is a Future, so how about you try it like this:

```
Future&lt;String&gt; uploadPic() async {
    Reference ref = storage.ref().child(&quot;image1&quot; + DateTime.now().toString());
    UploadTask uploadTask = ref.putFile(_image1);
    await uploadTask.onComplete;
    String url;
    res.ref.getDownloadURL().then((fileUrl){
       url = fileUrl as String;
    });
    return url;
  }
```",2020-11-16 11:28:06
36,"Instead of filtering the collection in your template, you can use the [configuration API to create a filtered collection][1] in your `.eleventy.js` file. This should work:

```javascript
// .eleventy.js
eleventyConfig.addCollection(&#39;posts&#39;, collections =&gt; {
  // get all posts by tag &#39;post&#39;
  return collections.getFilteredByTag(&#39;post&#39;)
    // exclude all drafts
    .filter(post =&gt; Boolean(post.data.draft)));
}
```

If you need both both the filtered list of posts as well as the complete list, you can also use different aliases:

```javascript
// .eleventy.js
eleventyConfig.addCollection(&#39;posts&#39;, collections =&gt; {
  return collections.getFilteredByTag(&#39;post&#39;);
}
eleventyConfig.addCollection(&#39;published_posts&#39;, collections =&gt; {
  // get all posts by tag &#39;post&#39;
  return collections.getFilteredByTag(&#39;post&#39;)
    // exclude all drafts
    .filter(post =&gt; Boolean(post.data.draft)));
}
```


  [1]: https://www.11ty.dev/docs/collections/#advanced-custom-filtering-and-sorting",2020-11-16 11:46:31
37,"YES.That the main goal of creating Https protocol 
Read this &quot;HTTPS helps prevent intruders from tampering with the communications between your websites and your users&#39; browsers. Intruders include intentionally malicious attackers, and legitimate but intrusive companies, such as ISPs or hotels that inject ads into pages.&quot;
To prevent it use https and in our case use Vpn it will  help encrpt you credentials.",2020-11-16 11:46:27
38,"I was missing overwriting the *groups* field in the *User* class. Then, I had to change the User serializer as I wanted to write the groups with the ids (group_ids). In the end, the code is: 

*models.py*
```
class GroupExtended(Group):
    description =  models.TextField(blank=True)
    digitaltwin_permissions = models.ManyToManyField(
        to = DigitaltwinPermission,
        blank = True,
        null = True,
        default = None,
        related_name = &quot;gemelo&quot;
    )
    panel_permissions = models.ManyToManyField(
        to = PanelPermission,
        blank = True,
        null = True,
        default = None,
        related_name = &quot;panel&quot;
    )

class User(AbstractUser):
    avatar = models.ForeignKey(
        Avatar, 
        on_delete = models.CASCADE,
        blank = True,
        null = True
    )

    groups = models.ManyToManyField(
        to = GroupExtended,
        blank = True,
        null = True
    )
```

And 

*serializers.py*
```
class GroupExtendedSerializer(serializers.ModelSerializer):
    digitaltwin_permissions = DTPSerializer(read_only=True, many=True)
    digitaltwin_permissions_ids = serializers.PrimaryKeyRelatedField(
        many=True,  
        read_only=False, 
        queryset = DigitaltwinPermission.objects.all(),
        source = &#39;digitaltwin_permissions&#39;
    )
    panel_permissions = PPSerializer(read_only=True, many=True)
    panel_permissions_ids = serializers.PrimaryKeyRelatedField(
        many=True,  
        read_only=False, 
        queryset = PanelPermission.objects.all(),
        source = &#39;panel_permissions&#39;
    )
    class Meta:
        model = GroupExtended
        fields = &#39;__all__&#39;
        depth = 8

class UserSerializer(serializers.ModelSerializer):
    avatar = AvatarSerializer(read_only=True)
    avatar_id = serializers.IntegerField()
    groups = GroupExtendedSerializer(read_only=True, many=True)
    groups_ids = serializers.PrimaryKeyRelatedField(
        many=True,  
        read_only=False, 
        queryset = GroupExtended.objects.all(),
        source = &#39;groups&#39;
    )

    class Meta:
        model = User
        fields = &#39;__all__&#39;
```",2020-11-16 11:10:59
39,"Edit: just reverse the range
```
n = int(input(&quot;Input triangle height: &quot;))

for var in reversed(range(0, n)): # put a reversed here
    for i in range(0, n - var - 1):
        print(end=&quot; &quot;)
    for i in range(0, var + 1):
        print(&quot;*&quot;, end=&quot; &quot;)
    print()
```

You may save the answer first,
```
n = int(input(&quot;Input triangle height: &quot;))
lines = []
for var in range(0, n):
    lines.append(&quot;&quot;)
    for i in range(0, n - var - 1):
        lines[var] += &quot; &quot;
    for i in range(0, var + 1):
        lines[var] += &quot;* &quot;
for line in lines:
    print(line)
```

Then if you wanna reverse it, simply do,
```
n = int(input(&quot;Input triangle height: &quot;))
lines = []
for var in range(0, n):
    lines.append(&quot;&quot;)
    for i in range(0, n - var - 1):
        lines[var] += &quot; &quot;
    for i in range(0, var + 1):
        lines[var] += &quot;* &quot;
for line in reversed(lines):
    print(line)
```
",2020-11-16 11:46:05
40,"Place your script tag at the end of the body tag. Your file is executed in a chronological order, therefore, your script cannot find any element with the id of &quot;div&quot;. So place it like this - 
```
&lt;button onclick=&quot;p1();&quot;&gt;p1&lt;/button&gt;
&lt;div id=&quot;div&quot; style=&quot;display:block;&quot;&gt;div1&lt;/div&gt;
&lt;script src=&quot;o.js&quot;&gt;&lt;/script&gt;
```",2020-11-16 11:46:05
41,"[ in progress ... ]

One method to do this is by simply adding another trace, you were nearly there!

**Note:**  
The following code uses the &#39;lower-level&#39; plotly API, as (personally) I feel it&#39;s more transparent and enables the user to see what is being plotted, and why; rather than relying on the convenience modules of `graph_objects` and `express`.

### Option 1 - Overlaid Bars:

    from plotly.offline import plot
    
    layout = {}
    traces = []
    
    traces.append({&#39;x&#39;: data1, &#39;name&#39;: &#39;D1&#39;, &#39;opacity&#39;: 1.0})
    traces.append({&#39;x&#39;: data2, &#39;name&#39;: &#39;D2&#39;, &#39;opacity&#39;: 0.5})
    
    # For each trace, add elements which are common to both.
    for t in traces:
        t.update({&#39;type&#39;: &#39;histogram&#39;,
                  &#39;histfunc&#39;: &#39;count&#39;,
                  &#39;nbinsx&#39;: 50})
    
    layout[&#39;barmode&#39;] = &#39;overlay&#39;
    
    plot({&#39;data&#39;: traces, &#39;layout&#39;: layout})

### Output 1:
[![enter image description here][1]][1]

### Option 2 - Curve Plot:  
Another option is to plot the curve (Gaussian KDE) of the distribution, as shown here. It&#39;s worth noting that this method plots the probability density, rather than the counts.

    X1, Y1 = calc_curve(data1)
    X2, Y2 = calc_curve(data2)
    
    traces = []
    traces.append({&#39;x&#39;: X1, &#39;y&#39;: Y1, &#39;name&#39;: &#39;D1&#39;})
    traces.append({&#39;x&#39;: X2, &#39;y&#39;: Y2, &#39;name&#39;: &#39;D2&#39;})
    
    plot({&#39;data&#39;: traces})

### Output 2:
[![enter image description here][2]][2]


Associated `calc_curve` function:

    from scipy.stats import gaussian_kde

    def calc_curve(data):
        &quot;&quot;&quot;Calculate probability density.&quot;&quot;&quot;
        min_, max_ = data.min(), data.max()
        X = [min_ + i * ((max_ - min_) / 500) for i in range(501)]
        Y = gaussian_kde(data).evaluate(X)
        return(X, Y)

### Option 3 - Plot Bars and Curves:
Or, you can always combine the two methods together, using the probability density on the yaxis.

    layout = {}
    traces = []
    
    traces.append({&#39;x&#39;: data1, &#39;name&#39;: &#39;D1&#39;, &#39;opacity&#39;: 1.0})
    traces.append({&#39;x&#39;: data2, &#39;name&#39;: &#39;D2&#39;, &#39;opacity&#39;: 0.5})
    
    for t in traces:
        t.update({&#39;type&#39;: &#39;histogram&#39;,
                  &#39;histnorm&#39;: &#39;probability density&#39;,
                  &#39;nbinsx&#39;: 50})
    
    traces.append({&#39;x&#39;: X1, &#39;y&#39;: Y1, &#39;name&#39;: &#39;D1&#39;})
    traces.append({&#39;x&#39;: X2, &#39;y&#39;: Y2, &#39;name&#39;: &#39;D2&#39;})
    
    layout[&#39;barmode&#39;] = &#39;overlay&#39;
    
    plot({&#39;data&#39;: traces, &#39;layout&#39;: layout})  

### Output 3:  
[![enter image description here][3]][3]

  [1]: https://i.stack.imgur.com/K0Ulx.png
  [2]: https://i.stack.imgur.com/i1wLK.png
  [3]: https://i.stack.imgur.com/HRBkr.png",2020-11-16 11:06:58
42,"Create ordered categorical for prioritize `Status`, then sorting per all columns, remove duplicates by first column `A` and last sorting index:


    c = [&#39;OK&#39;,&#39;Open&#39;,&#39;Close&#39;]
    df[&#39;Status&#39;] = pd.Categorical(df[&#39;Status&#39;], ordered=True, categories=c)
    
    df = df.sort_values([&#39;A&#39;,&#39;Status&#39;,&#39;Col_1&#39;]).drop_duplicates(&#39;A&#39;).sort_index()
    print (df)
         A Status  Col_1
    0   11     OK   2000
    2   12  Close   2000
    3  NaN     OK   2000
    4   13     OK   2000
    6   14   Open   2000
    8   15    NaN   2000

EDIT:


    df[&#39;test&#39;] = df[&#39;A&#39;].isna().cumsum()
    
    c = [&#39;OK&#39;,&#39;Open&#39;,&#39;Close&#39;]
    df[&#39;Status&#39;] = pd.Categorical(df[&#39;Status&#39;], ordered=True, categories=c)
    
    df = (df.sort_values([&#39;A&#39;,&#39;Status&#39;,&#39;Col_1&#39;, &#39;test&#39;])
            .drop_duplicates([&#39;A&#39;, &#39;test&#39;])
            .sort_index())",2020-11-16 10:57:01
43,"When the DICOM transfer syntax is 1.2.840.10008.1.2.4.70 (Jpeg lossless) the photometric interpretation cannot be RGB but one of the YBR (YBR_FULL or YBR_PARTIAL or the chroma subsampled versions).

There are several DICOM datasets out there that have this mistake and the only way to show them correctly is to replace RGB with YBR_FULL or the subsampled YBR_FULL_422.",2020-11-16 11:45:50
44,"@maytham The solution by Maytham will work well. However, it will have a huge problem if you&#39;re trying to do with large data. Even if you do 1000 rows, it will create a problem, as it will make 1000 insert statement separately. I will just edit the third method by him and add my own input

    public function importCsv()
    {
        $file = public_path(&#39;file/test.csv&#39;);

        $customerArr = $this-&gt;csvToArray($file);
        $data = [];
        for ($i = 0; $i &lt; count($customerArr); $i ++)
        {
            $data[] = [
                &#39;column_name1&#39; =&gt; &#39;value&#39;,
                &#39;column_name2&#39; =&gt; &#39;value2&#39;,
                .. so..on..and..on
            ];
            //User::firstOrCreate($customerArr[$i]);
        }
        DB::table(&#39;table_name&#39;)-&gt;insert($data);
        return &#39;Jobi done or what ever&#39;;    
    }

This will call the database once to insert as many rows as you wish. Be it 1000, 100000 or whatever. 
*However, if you have a huge csv, this will be a problem too since you will be required to insert in chunks. Like in PostgreSQL, I have noticed that you can insert up to 65000 something rows in one statement. Maybe I am wrong about the number but there&#39;s a limit in every database and you need to look for that.*",2018-09-01 11:10:21
45,"&lt;sup&gt;I really wanted to find a use for pointer-to-member syntax for once, so...&lt;/sup&gt;

You can use pointer-to-member syntax with a set of overloaded helpers to let compiler choose the correct convertor:

```
struct Record
{
    int x;
    std::string y;
    double z;
    
    void readInput(std::istream&amp; in, int Record::*var)
    {
        std::string input;
        std::getline(in, input, &#39;|&#39;);
        this-&gt;*var = std::stoi(input);
    }
    
    void readInput(std::istream&amp; in, double Record::*var)
    {
        std::string input;
        std::getline(in, input, &#39;|&#39;);
        this-&gt;*var = std::stod(input);
    }
    
    void readInput(std::istream&amp; in, std::string Record::*var)
    {
        std::getline(in, this-&gt;*var, &#39;|&#39;);
    }
};
```

With this, the `operator &gt;&gt;` would look like this:
```
std::istream&amp; operator&gt;&gt;(std::istream&amp; in, Record&amp; r)
{
    r.readInput(in, &amp;Record::x);
    r.readInput(in, &amp;Record::y);
    r.readInput(in, &amp;Record::z);
    //no need to handle last value as special case as long as stream ends there and you don&#39;t care that it will be in fail() state afterwards
    return in;
}
```
[See it online](https://wandbox.org/permlink/7BAWI6UNC50LyXuT)

----------


It would be possible to just provide free functions, which take a reference instead of pointer to member, e.g.:
```
void readInput(std::istream&amp; in, int&amp; var)
{
    std::string input;
    std::getline(in, input, &#39;|&#39;);
    var = std::stoi(input);
}
```

with usage in `operator &gt;&gt;` like this:

    readInput(in, r.x);

**The core difference** between these two approaches is whether you want it to be usable only with `Record` or you will always want to read ints delimited by `|` from istreams. ",2020-11-16 11:45:35
46,"Here You go,
```
n = int(input(&quot;Input triangle height: &quot;))

for var in range(n-1, -1,-1):
    for i in range(0, n - var - 1):
        print(end=&quot; &quot;)
    for i in range(0, var + 1):
        print(&quot;*&quot;, end=&quot; &quot;)
    print()
```",2020-11-16 11:45:33
47,"  




@Override
public void onViewCreated(@NonNull View view,@Nullable Bundle savedInstanceState) 
{


       DocumentReference docRef = db.collection(&quot;users&quot;).document(user.getUid());

        docRef.addSnapshotListener(new EventListener&lt;DocumentSnapshot&gt;() {
            @Override
            public void onEvent(@Nullable DocumentSnapshot value, @Nullable FirebaseFirestoreException error) {
                if(error!=null) {
                    System.err.println(&quot;Listen Failed:&quot; + error);
                    return;
                }
                if(value != null &amp;&amp; value.exists()) {
                    //Here I should assign what I get from DB to Layout??
           //TODO you update your respected data here with the help of defining a method.
                } else {
                    System.out.print(&quot;curent data: null&quot;);
                }
            }
        });

}

Or want to learn about this check on this tutorial--
https://www.zoftino.com/firebase-cloud-firestore-databse-tutorial-android-example",2020-11-16 11:45:33
48,"Try to add `skipLibCheck` option to your tsconfig.json

```
{
  &quot;compilerOptions&quot;: {
    ....
    &quot;skipLibCheck&quot;: true
  }
}
```

Please note that it is just a workaround, I have encountered same issue when I try to rebuild the docker image on the DockerHub without any code changed.",2020-11-16 11:45:33
49,"

You can add to the **packagingOptions** block with in the **android** block in your application **build.gradle**,

```
android {
    compileSdkVersion 29
    defaultConfig {
        applicationId &quot;abcd.efgh.com.x&quot;
        minSdkVersion 22
        targetSdkVersion 29
        versionCode 29
        versionName &quot;1.9.2&quot;
    }
    packagingOptions {
        exclude &#39;META-INF/DEPENDENCIES&#39;
        exclude &#39;META-INF/LICENSE&#39;
        exclude &#39;META-INF/LICENSE.txt&#39;
        exclude &#39;META-INF/license.txt&#39;
        exclude &#39;META-INF/NOTICE&#39;
        exclude &#39;META-INF/NOTICE.txt&#39;
        exclude &#39;META-INF/notice.txt&#39;
        exclude &#39;META-INF/ASL2.0&#39;
    }
}
```",2020-11-16 11:40:21
50,"
    n = int(input(&quot;Input triangle height: &quot;))
    
    for var in range(n, 0, -1):
        for i in range(n - var):
            print(end=&quot; &quot;)
        for i in range(2*var -1):
            print(&quot;*&quot;, end=&quot; &quot;)
        print()",2020-11-16 11:45:24
51,"CDN will be switched off on February 25, 2021.

This will impact your project only if you rely on TinyMCE CDN to include TinyMCE in your project (https://cdn.tinymce.com/, https://cloud.tinymce.cloud/ or https://cdn.tiny.cloud/)

You can still continue to use TinyMCE by hosting it yourself on your server or by using a third party CDN (for instance: https://cdnjs.com/libraries/tinymce/4.9.11)

End of support for TinyMCE 4 is December 31, 2020. This means no new version of TinyMCE 4 will be released after this date.",2020-11-16 11:45:20
52,"To start from scratch first do some cleanup:

- remove `android:backgroundTint` from button layout
- remove `android:style` from button layout
- go to manifest and change theme setup to non-material now (more in this [answer][1])

With such setup you can start to experiment with `android:background`.


  [1]: https://stackoverflow.com/a/64839917/905414",2020-11-16 11:45:19
53,"```
l = []

m = input(&quot;Number: &quot;)

for i in range(m)
    l.append([])

    x = x + 1
    y = y + 1
    z = z + 1
    l[i].append(x)
    l[i].append(y)
    l[i].append(z) 
print(l)
```",2020-11-16 11:41:37
54,"Well. I have met this question 2 days ago. And since performed research about this matter. I was looking for a solution that would allow me to be able to run application with different profiles passed as a system property on the application run like:

    java -Denv=local-dev-env -jar java-app.jar

The only appropriate solution I was able to find is to follow the oficial documentation testing guide:
https://dagger.dev/dev-guide/testing 
and devide my one module into different modules, in particular I had to separate and substitute data base dependency when I want to run my app locally avoiding connection to real DB and executing any command against real DB. 
And when I run my app I perform check on system property like:

    public boolean isLocalDevEnv() {
    		return Environments.LOCAL_DEV.envName.equals(System.getProperty(&quot;env&quot;, Environments.PRODUCTION.envName));
    	}

and if the system property DOES NOT contain the property I am looking for, then I 
create the PRODUCTION instance of my component (that is configured to use production modules):

    DaggerMyAppComponent.create()

Which approximately looks like:

    @Component(modules = {MyAppModule.class, DaoModule.class})
    @Singleton
    public interface MyAppComponent {...}
    
otherwise, I create loca-dev-env version of the component that uses the version of the module that produces mock of Dao that would be creating real connection to real Data Base otherwise:

    DaggerMyAppLocalDevEnvComponent.create()

Which approximately looks like:

    @Component(modules = {MyAppModule.class, DaoMockModule.class})
    @Singleton
    public interface MyAppLocalDevEnvComponent {...}

Hope it was clear, so just think of Spring Profiles for dagger 2 from the perspective of system properties and programmatic decision making. This approach definitely requires ALOT of boilerplate code in comparison to Spring&#39;s Profiles implementation, but it is the only viable approach I was able to come up with.

Hope it helps.


",2020-11-16 11:38:08
55,"What you are looking for is simple [inheritence][1].
You describe the features you need in a base class and mark them (and the class) [abstract][2]. This enforces you to override it in all non abstract derived classed.

Base class:

    public abstract class BaseUnit : MonoBehaviour
    {
        protected abstract float movementSpeed { get; } // force every deriving class to provide a movement speed
        [SerializeField] private bool isMoving;

        void Start()
        {
            isMoving = true;
        }

        void Update()
        {
            if (isMoving)
            {
                Movement();
            }

        }

        public void Movement()
        {
            Vector3 direction = new Vector3(1.0f, 0.0f, 0.0f);
            transform.position += Time.deltaTime * movementSpeed * direction;

        }
    }


Derived class Archer: 

    public class Archer : BaseUnit
    {
        protected override float movementSpeed =&gt; 3F;
    }

Also note that you cannot create `MonoBehaviours` using the `new` keyword. You have to use `AddComponent&lt;T&gt;` to create or `GetComponent&lt;T&gt;` to retrieve them ([see documentation][3]).


  [1]: https://docs.microsoft.com/de-de/dotnet/csharp/tutorials/inheritance
  [2]: https://docs.microsoft.com/de-de/dotnet/csharp/language-reference/keywords/abstract
  [3]: https://docs.unity3d.com/Manual/class-GameObject.html",2020-11-16 11:38:33
56,"&gt; How is this possible?

You are using `TO_CHAR` on a date data type to convert it to a string data type and then the filter is: 

```
{string value} BETWEEN {string value} AND {string value}
```

So the SQL parser performs an alpha-numeric comparison of the values and the lower bound starts `22` and `23.06.2014` is greater as the first characters of the string are the same and then the second character is compared and `2` &lt; `3` so `&#39;22.10.2015 23:59:59&#39;` &lt; `&#39;23.06.2014&#39;` when compared as a string. Similarly, the upper bound starts with `23.1` and the first 3 characters are the same and then `0` &lt; `1` for the 4th character so `&#39;23.06.2014&#39;` &lt; `&#39;23.10.2015 23:59:59&#39;` (again, when compared as a string). So the filter returns true as the string value is between the upper and lower bounds.

How to solve this:

Don&#39;t compare the values as strings; compare them as dates.

``` sql
AND ses_date BETWEEN DATE &#39;2015-10-22&#39; + INTERVAL &#39;23:59:59&#39; HOUR TO SECOND
             AND     DATE &#39;2015-10-23&#39; + INTERVAL &#39;23:59:59&#39; HOUR TO SECOND
```

or

``` sql
AND ses_date BETWEEN TIMESTAMP &#39;2015-10-22 23:59:59&#39;
             AND     TIMESTAMP &#39;2015-10-23 23:59:59&#39;
```

or

``` sql
AND ses_date BETWEEN TO_DATE( &#39;22.10.2015 23:59:59&#39;, &#39;DD.MM.YYYY HH24:MI:SS&#39; )
             AND     TO_DATE( &#39;23.10.2015 23:59:59&#39;, &#39;DD.MM.YYYY HH24:MI:SS&#39; )
```

*(Note: these will return values from including `2015-10-22 23:59:59`.)*

If you only want values that are at any time on `2015-10-23` then:

``` sql
AND ses_date &gt;= DATE &#39;2015-10-23&#39;
AND ses_date &lt;  DATE &#39;2015-10-24&#39;
```
",2020-11-16 11:44:57
57,you can use the CSS property position:fixed on the div in which you have placed your paragraph,2020-11-16 11:44:47
58,"&gt; How does parentMove access child.parent.x and child.parent.y?

It doesn&#39;t know about the child part. It doesn&#39;t matter if a Parent object is declared as a stand-alone object or as a member of Child, same thing applies in either case.

&gt; How does type casting work here?

Poorly... you have implemented inheritance incorrectly if you have to cast to the base class from the caller side. It would seem that `Child` should have implemented its own `move` that takes a `Child*` as parameter, if only to make it a wrapper to the parent. 

",2020-11-16 11:44:42
59,"I want to ask a question;
user has a session that continues after midnight. Thus, 2 sessions were created. But the visit numbers of these sessions are not equal.Why ? I think , visitnumber must be equal.",2020-11-16 11:44:40
60,"Thanks to @Luis Miguel Mej&#237;a Su&#225;rez&#39;s help. Here&#39;s what I have done so far: added an Observer implementation and a promise. Thanks to this post: https://stackoverflow.com/questions/45531210/scala-script-wait-for-mongo-to-complete-task . That&#39;s what I have now:

        val mongoClient: MongoClient = MongoClient(&quot;mongodb://localhost&quot;)
        val database: MongoDatabase = mongoClient.getDatabase(&quot;mydb&quot;)
        val collection: MongoCollection[MongoDocument] = database.getCollection(&quot;user&quot;)
    
        val doc: MongoDocument = MongoDocument(&quot;name&quot; -&gt; &quot;MongoDB&quot;, &quot;type&quot; -&gt; &quot;database&quot;,
          &quot;count&quot; -&gt; 1, &quot;info&quot; -&gt; MongoDocument(&quot;x&quot; -&gt; 203, &quot;y&quot; -&gt; 102))
        val observable: Observable[Completed] = collection.insertOne(doc)
    
        val promise = Promise[Boolean]
        observable.subscribe(new Observer[Completed] {
    
          override def onNext(result: Completed): Unit = println(&quot;Inserted&quot;)
    
          override def onError(e: Throwable): Unit = {
            println(&quot;Failed&quot;)
            promise.success(false)
          }
    
          override def onComplete(): Unit =  {
            println(&quot;Completed&quot;)
            promise.success(true)
          }
        })
    
        val future = promise.future
        Await.result(future, Duration(5, java.util.concurrent.TimeUnit.SECONDS))
    
        mongoClient.close()

Generally speaking, it works in most cases. Though, I didn&#39;t handle the case with `insertMany` method where the program has to wait for the last element insertion. My realization does not work properly with this.

P.S. Turns out `insertMany` also works fine with this example, I just tested it with the wrong data.",2020-11-16 11:20:49
61,"I&#39;d check out [Prisma][1] â€“ a type-safe ORM for Node.js and TypeScript. 

Since you mentioned &quot;Clean understanding code&quot;, it&#39;s worth mentioning that Prisma uses the Prisma schema as a declarative source of truth for your database schema and generating the actual database access code. This approach has the advantage of not needing to define model classes, thereby reducing the amount of code you write.

For more information on Prisma&#39;s approach to ORMs, [check this article out][2].


  [1]: https://www.prisma.io
  [2]: https://www.prisma.io/docs/concepts/overview/prisma-in-your-stack/is-prisma-an-orm",2020-11-16 11:44:33
62,"It&#39;s possible to implement the check using **spring actuator** + `curl` + `grep`. 

The pipeline:

```yaml
check-spring-actuator-health:
  image: curlimages/curl
  stage: Health Ckeck
  script:
# exit with error if actuator/health doesn&#39;t return &#39;UP&#39;
    - curl $ACTUATOR_HEALTH_URL | grep &quot;{\&quot;status\&quot;:\&quot;UP\&quot;}&quot; || ( echo Helth Check Failed Actuator=$ACTUATOR_HEALTH_URL &amp;&amp; exit 2; )
```

This step fails it the actruator/health URL isn&#39;t available or returns anything but `{&quot;status&quot;:&quot;UP&quot;}`",2020-11-16 11:12:02
63,"Example below demonstrate how to use the `DataGrid` to display list of students.

**MainWindow.xaml:**

    &lt;Window ...&gt;
        &lt;Grid&gt;
            &lt;Grid.Resources&gt;
                &lt;Style TargetType=&quot;DataGridCell&quot;&gt;
                    &lt;Style.Triggers&gt;
                        &lt;Trigger Property=&quot;DataGridCell.IsSelected&quot; Value=&quot;True&quot;&gt;
                            &lt;Setter Property=&quot;Background&quot; Value=&quot;#C0AAEA&quot; /&gt;
                        &lt;/Trigger&gt;
                    &lt;/Style.Triggers&gt;
                &lt;/Style&gt;
            &lt;/Grid.Resources&gt;

            &lt;Grid.RowDefinitions&gt;
                &lt;RowDefinition Height=&quot;*&quot; /&gt;
                &lt;RowDefinition Height=&quot;Auto&quot;/&gt;
            &lt;/Grid.RowDefinitions&gt;
        
            &lt;DataGrid x:Name=&quot;DataGrid1&quot; AutoGenerateColumns=&quot;False&quot; ColumnWidth=&quot;*&quot; CanUserAddRows=&quot;True&quot; &gt;
                &lt;DataGrid.Columns&gt;
                    &lt;DataGridTextColumn Header=&quot;Name&quot; Binding=&quot;{Binding Name}&quot;/&gt;
                    &lt;DataGridTextColumn Header=&quot;Age&quot; Binding=&quot;{Binding Age}&quot;/&gt;                
                &lt;/DataGrid.Columns&gt;
            &lt;/DataGrid&gt; 
        
            &lt;Button Grid.Row=&quot;1&quot; Content=&quot;Add New Row&quot; HorizontalAlignment=&quot;Left&quot;  VerticalAlignment=&quot;Center&quot; Margin=&quot;10&quot; Padding=&quot;5&quot; Click=&quot;AddRow&quot;/&gt;
        
        &lt;/Grid&gt;
    &lt;/Window&gt; 

**MainWindow.xaml.cs**

    public partial class MainWindow : Window
    {
        ObservableCollection&lt;Student&gt; Students = new ObservableCollection&lt;Student&gt;() { new Student(&quot;Stiv&quot;, &quot;20&quot;), new Student(&quot;John&quot;, &quot;21&quot;) };
    
        public MainWindow()
        {
            InitializeComponent();
            DataGrid1.ItemsSource = Students;
        }       
             
        private void AddRow(object sender, RoutedEventArgs e)
        {
            // Add a new item to the collection
            Students.Add(new Student(&quot;William&quot;, &quot;20&quot;));

            // Select the last added item in the DataGrid1
            DataGrid1.SelectedIndex = DataGrid1.Items.Count - 1; 
        }
    }

The Student class definition:

    public class Student : INotifyPropertyChanged
    {
        private string _name;
        private string _age;
    
        public Student(string name, string age)
        {
            _name = name;
            _age = age;
        }
    
        public string Name
        {
            get { return _name; }
            set
            {
                if (_name != value)
                {
                    _name = value;
                    NotifyPropertyChanged(&quot;Name&quot;);
                }
            }
        }
    
        public string Age
        {
            get { return _age; }
            set
            {
                if (_age != value)
                {
                    _age = value;
                    NotifyPropertyChanged(&quot;Age&quot;);
                }
            }
        }
    
        #region INotifyPropertyChanged Members
    
        public event PropertyChangedEventHandler PropertyChanged;
        private void NotifyPropertyChanged(String info)
        {
            PropertyChanged?.Invoke(this, new PropertyChangedEventArgs(info));
        }
        #endregion
    }

",2020-11-16 11:26:01
64,there is the anwser of google IMA teamï¼šhttps://groups.google.com/g/ima-sdk/c/d9ZpHFrFZlY,2020-11-16 11:44:15
65,"Have the same issue with the official and unofficial clients.
Get a 200 Response but completly emtpy.
Have you figured it out?

Have tried:
 - coinbase_python - Python wrapper for the Coinbase API (supports both OAuth2 and api key authentication)
 - coinbase_python3 - Python3 wrapper for the Coinbase API (supports both OAuth2 and api key authentication)
 - pycoinbaseapi - Unofficial fork from the coinbase_python3 api",2020-11-16 11:44:12
66,"Just reverse the outer loop, like so:
```
n = int(input(&quot;Input triangle height: &quot;))

for var in range(n-1, -1, -1):
    for i in range(0, n - var - 1):
        print(end=&quot; &quot;)
    for i in range(0, var + 1):
        print(&quot;*&quot;, end=&quot; &quot;)
    print()
```
The original range, `range(0, n)`, produces the sequence `0` through `n-1`.  The new range, `range(n-1, -1, -1)`, produces the sequence `n-1` through `0`.",2020-11-16 11:43:59
67,"I don&#39;t have an iOS device so let me know if this testing code works for sequential playback...

    &lt;!DOCTYPE html&gt;
    &lt;html&gt;
    &lt;body&gt;
    
    &lt;video id=&quot;firstVideo&quot; crossOrigin=&quot;anonymous&quot; webkit-playsinline playsinline style=&quot;display:none&quot; preload=&quot;auto&quot;&gt;
       &lt;source src=&quot;videos/video1.mp4&quot; type=&#39;video/mp4&#39;&gt;
    &lt;/video&gt;
    
    &lt;video id=&quot;secondVideo&quot; crossOrigin=&quot;anonymous&quot; webkit-playsinline playsinline style=&quot;display:none&quot; preload=&quot;auto&quot;&gt;
        &lt;source src=&quot;videos/video2.mp4&quot; type=&#39;video/mp4&#39;&gt;
    &lt;/video&gt;
    
    &lt;br&gt; &lt;br&gt;
    &lt;button onclick=&quot;vidPlay()&quot;&gt; Test Play &lt;/button&gt;
    
    
    &lt;script type=&#39;text/javascript&#39;&gt;
    
    const vid1 = document.getElementById(&#39;firstVideo&#39;);
    const vid2 = document.getElementById(&#39;secondVideo&#39;);
    
    vid1.addEventListener(&#39;ended&#39;, myVidEnd_Handler, false);
    
    function vidPlay()
    {
        vid1.play(); //# play first vid
        vid2.play(); vid2.pause(); //# temp trigger playback with immediate pause
    }
    
    function myVidEnd_Handler(e) 
    {  vid2.play(); }
    
    &lt;/script&gt;
    &lt;/body&gt;
    &lt;/html&gt;",2020-11-16 11:43:58
68,"It seems to me that your schema only requires the following (FK constraints and surrogate ids omitted for brevity)...

    CREATE TABLE tree_groups
    (tree_group VARCHAR(12) NOT NULL PRIMARY KEY);

    CREATE TABLE tree_species
    (tree_group VARCHAR(12) NOT NULL
    ,species VARCHAR(50) NOT NULL PRIMARY KEY
    );
    
    CREATE TABLE forest
    (forest_name VARCHAR(20) NOT NULL PRIMARY KEY
    ,tree_group VARCHAR(12) NOT NULL
    );
    
    CREATE TABLE forest_tree
    (forest_name VARCHAR(50)
    ,species VARCHAR(50)
    );",2020-11-16 11:43:57
69,"Take a look [here](https://stackoverflow.com/a/9848317/5533075).

`reset()` function is waiting for a variable reference, instead you are passing it a **function result**. 
&lt;br&gt;For more info see [php reset docs](http://www.php.net/reset)

You can, extract the result of the function and then pass it to `reset()` as shown below.


    $select = $sql -&gt; select(array(
      &#39;table&#39; =&gt; &#39;news&#39;,
      &#39;join&#39; =&gt; array(&#39;table&#39; =&gt; &#39;story&#39;, &#39;where&#39; =&gt; &#39;id = post_id&#39;),
      &#39;where&#39; =&gt; array(&quot;id = $id&quot;, &#39;or&#39;, &quot;url = $id&quot;)
    ))
    $var = reset($select);

Then the other one:

    $select1 = $sql-&gt;select(array(
                 &#39;table&#39;      =&gt; &#39;news&#39;,
                 &#39;where&#39;      =&gt; $where
                ));
    $query = reset($select1);

&lt;hr&gt;
**PHP live demo**

* [correct](https://ideone.com/mNRkta)
* [incorrect](https://ideone.com/sj0f1D)",2020-06-01 18:33:40
70,"What you really seem to need is `between/3`. Like this:

```
?- between(0, 4, X).
X = 0 ;
X = 1 ;
X = 2 ;
X = 3 ;
X = 4.

?- forall(between(0, 4, X), format(&quot;~w~n&quot;, [X])).
0
1
2
3
4
true.
```

`between/3` is a built-in. It is relatively difficult to program is yourself and cover all edge-cases.",2020-11-16 11:43:47
71,"I had a similar problem in VS2019, I moved laptops and it refused to authenticate despite me deleting and changing the credentials using credentials manager. I&#39;m linked to a repository in Assembla and In the team explorer window under repository settings I noticed that there&#39;s a tick box to override the global user name and email settings, which were different from my Assembla login.",2020-11-16 11:43:27
72,"If you want to disable all warnings that meet some condition, keeping all other warnings, for all tests:

    const originalWarn = console.warn.bind(console.warn)
    beforeAll(() =&gt; {
      console.warn = (msg) =&gt; 
        !msg.toString().includes(&#39;componentWillReceiveProps&#39;) &amp;&amp; originalWarn(msg)
    })
    afterAll(() =&gt; {
      console.warn = originalWarn
    })

&lt;hr&gt;

[React codebase](https://github.com/facebook/react/blob/66a474227b18c76eb2f7c24108227e8628502f8c/packages/react/src/__tests__/createReactClassIntegration-test.js#L555) also contains `expect(render(...)).toWarnDev(...)`, but that&#39;s not included in [Jest documentation](https://jestjs.io/docs/en/expect), you might need to investigate more if you want to use that feature.
",2019-11-10 16:06:00
73,"In general, I know that using RegionUtil will make your life easier because its an easy-to-use class, but it is very CPU-intensive. Always try to use, whenever is possible,  cellstyle to do these kind of procedures. It is better to make your own method for setting the table border rather than use RegionUtils.",2020-11-16 11:43:18
74,"I&#39;d suggest you store tab-button details in an array like that


    const TAB_BUTTONS = [
      {
        title: &#39;Cash&#39;,
        color: &#39;&#39;,
        style: {
          /** ... */
        },
      },
      {
        title: &#39;Coupons&#39;,
        color: &#39;&#39;,
        style: {
          /** ... */
        },
      },
      {
        title: &#39;Points&#39;,
        color: &#39;&#39;,
        style: {
          /** ... */
        },
      },
    ];
    
    class Wallet extends Component {
      render() {
        return (
          &lt;View style={styles.container}&gt;
            {/* ... */}
            &lt;AppTabButton buttons={TAB_BUTTONS} style={styles.tabButton} /&gt;
          &lt;/View&gt;
        );
      }
    }
    
    class AppTabButton extends React.Component {
      constructor() {
        this.state = {
          activeIndex: 0,
        };
      }
    
      render() {
        const { buttons } = this.props;
        const { activeIndex } = this.state;
        return (
          &lt;View&gt;
            {buttons.map(({ title, color, style }, index) =&gt; (
              &lt;TouchableOpacity
                style={activeIndex === index ? activeStyle : style}
                onPress={() =&gt; {
                  this.setState({ activeIndex: index });
                }}
              &gt;
                &lt;Text style={[styles.btnTxt, { color }]}&gt;{title}&lt;/Text&gt;
              &lt;/TouchableOpacity&gt;
            ))}
          &lt;/View&gt;
        );
      }
    }



I&#39;d recommend you take a look at [this npm module][1]


  [1]: https://www.npmjs.com/package/react-native-tab-view",2020-11-16 11:43:17
75,"You could do this in XAML using a [`MultiBinding`][1] and a [converter][2]. A multi binding allows you to bind multiple values and convert it to a single value for the target property. In your case, you would bind the three enabled state properties and and do a boolean AND as conversion.

The following multi-value converter returns `true`, if all passed values are `true`, otherwise `false`.

```
public class BooleanAndConverter : IMultiValueConverter
{
   public object Convert(object[] values, Type targetType, object parameter, CultureInfo culture)
   {
      return values.Cast&lt;bool&gt;().All(value =&gt; value);
   }

   public object[] ConvertBack(object value, Type[] targetTypes, object parameter, CultureInfo culture)
   {
      throw new InvalidOperationException();
   }
}
```

In your XAML, you would bind the `IsEnabled` property for button A like this:

```
&lt;Button 
   x:Name=&quot;Button_A&quot;
   Click=&quot;Button_A_Click&quot;
   Content=&quot;Run&quot;
   HorizontalAlignment=&quot;Left&quot;
   VerticalAlignment=&quot;Center&quot;
   Width=&quot;80&quot;
   Height=&quot;25&quot;
   Margin=&quot;135,0,0,0&quot;
   FontSize=&quot;10&quot;
   FontWeight=&quot;Light&quot;
   Background=&quot;{StaticResource CalculationsButtonColor}&quot;
   BorderBrush=&quot;{StaticResource CalculationsButtonColor}&quot;
   Grid.Column=&quot;3&quot;
   Grid.Row=&quot;4&quot;
   Cursor=&quot;Hand&quot;&gt;
   &lt;Button.IsEnabled&gt;
      &lt;MultiBinding&gt;
         &lt;MultiBinding.Converter&gt;
            &lt;local:BooleanAndConverter/&gt;
         &lt;/MultiBinding.Converter&gt;
         &lt;Binding Path=&quot;EnableButtonB&quot;/&gt;
         &lt;Binding Path=&quot;EnableButtonC&quot;/&gt;
         &lt;Binding Path=&quot;EnableButtonD&quot;/&gt;
      &lt;/MultiBinding&gt;
   &lt;/Button.IsEnabled&gt;
&lt;/Button&gt;
```

You could also bind the the `IsEnabled` properties of the other buttons directly, e.g:

```
&lt;Binding Path=&quot;IsEnabled&quot; ElementName=&quot;Button_B&quot;/&gt;
```

By the way, you could do the same using a `MultiDataTrigger`, but that would require creating a separate button style, which is more verbose and unnecessary.

  [1]: https://docs.microsoft.com/en-us/dotnet/api/system.windows.data.multibinding?view=net-5.0
  [2]: https://docs.microsoft.com/en-us/dotnet/api/system.windows.data.imultivalueconverter?view=net-5.0",2020-11-16 11:43:12
76,"You can use list comprehensions for this problem as it will solve it in only two lines.
Code-

    n = int(input(&quot;Enter the range of the list:\n&quot;))
    l1 = [i for i in range(n)] #Creates list of numbers in the range 0 to n
    if __name__ == &quot;__main__&quot;:
        print(l1)
Thank you.

 ",2020-09-07 19:36:53
77,"I personnaly had this problem in a procedure.
If you dont want to `alter table` you can try to convert your parameter into the procedure .
I&#39;ve try sevral use of collate (with a set into the select) but none works for me.


`CONVERT(my_param USING utf32) ` did the trick.


",2020-11-16 11:42:59
78,"Openstack and OVS are 2 different processes, which communicates via openflow rules. That is using neutron plugin which is used in OpenStack needs to configured for the ports in use. In OVS one needs to start with controller IP `openstack neutron controller`. Hence changes are listed as 

 1. use neutron or similar plugin for network configuration.
 2. updated the neutron plugin config file for desired ports for OVS.
 3. OVS vswitchd is started with IP address of controller.

Note: OVS binary needs to be build with DPDK libraries for having DPDK support. Do not expect by installing DPDK on the distro the OVS binary will become DPDK supported.",2020-11-16 11:42:51
79,"Yeah you were right I tried it out with a `useEffect` in a example. The docs say that `useEffect` runs after completion of each render and so your words are correct and explain it better.

You can checkout a [working codesandbox example here][1] 

My code :

```
import React, { useEffect, useState } from &quot;react&quot;;

const App = () =&gt; {
  const [val, setVal] = useState(0);

  useEffect(() =&gt; {
    console.log(&quot;started&quot;);
    console.log(&quot;changed the val to =&gt;&quot;, val);
  }, [val]);

  const changehandler = () =&gt; {
    setVal(2);
  };

  return (
    &lt;&gt;
      &lt;h1&gt;bla cool&lt;/h1&gt;
      &lt;button onClick={changehandler}&gt;change&lt;/button&gt;
      &lt;h1&gt;{val}&lt;/h1&gt;
    &lt;/&gt;
  );
};

export default App;

```

Here I console log &quot;started&quot; in the `useEffect` with a dependency of `val` and it gets logged when the app loads.

  [1]: https://codesandbox.io/s/thirsty-leaf-gefwy?file=/src/App.js",2020-11-16 11:42:48
80,"The issue has been reported on [issuetracker][1] platform, which says that: 

&gt; The Prompt will not be visible by default once BigQuery UI&#39;s &#39;V2 Beta&#39;
&gt; version is launched in November.

I will recommend you to [subscribing the issue][2] by starring it. When you star an issue, you receive email notifications about any upcoming chnages. Additionally, keep track of the latest BigQuery releases [here][3].

  [1]: http://issuetracker.google.com/issues/170626505
  [2]: https://developers.google.com/issue-tracker/guides/subscribe#subscribing_by_starring_an_issue
  [3]: https://cloud.google.com/bigquery/docs/release-notes",2020-11-16 11:42:39
81,"As the error is saying, you need to pass a string not a 0.
Then, you wonder : what string should I pass ?

If you follow @pault advice, and printSchema, you will actually know what are the corresponding keys to your values in the list.

Here is the documentation of getItem, helping you figure this out. [![enter image description here][1]][1]


  [1]: https://i.stack.imgur.com/67fWk.png


Another way to know what to pass, is to simply pass any string, you could type:

```
production_target_datasource_df.withColumn(&quot;newcol&quot;,production_target_datasource_df[&quot;Services&quot;].getItem(&#39;0&#39;))
```

and the logs will tell you what keys were expected.

Hope this helps ;)
",2020-11-13 16:44:56
82,"You need to use Web API instead of set the reference value!

Use Element.setAttribute(), it will search the DOM tree.

If the property already exists, then the browser will change the DOM tree node property!

I try both methods to change the DOM tree node property, you can check for my example on [JSBin][1], open the dev tool (F12), as you can see the property by using setAttribute method is change the src successfully.

```
var foo = document.getElementById(&#39;foo&#39;);

console.log(foo.src)
foo.src = &quot;ms1/7_58_LEFT.mp3&quot;
console.log(foo.src)
      
foo.setAttribute(&#39;src&#39;, &#39;&quot;ms1/7_58_LEFT.mp3&#39;);
```

Here is the MDN Document, hope that helps you :)

https://developer.mozilla.org/en-US/docs/Web/API/Element/setAttribute


  [1]: https://jsbin.com/rusaqosoji/edit?html,js,console,output",2020-11-16 11:33:59
83,"If you live in contries with strict Internet regulations (like Russia, China, Turkey) you should try using VPNs or proxies. 

Regulators make ISPs to block some IPs/URLs. And some ISPs display their own stub webpages instead of the original web content. These stub pages usually says that you are not allowed to look at &quot;restricted content&quot;. When using SSL/HTTPS some ISPs also try to response to your queries which can result in certificate errors.

Also it can turn out that some several IPs from MS IP addresses pool are blocked. And some MS functionality stop working.",2020-11-16 11:22:40
84,"As an idea, we can write Wiql query output to a `.csv` file first, and then convert the csv file to data frame.

Write to `.csv` file:

    # Create the csv file
    with open(&#39;vehicle.csv&#39;, &#39;w&#39;, newline=&#39;&#39;) as f_handle:
        writer = csv.writer(f_handle)
        # Add the header/column names
        header = [&#39;id&#39;, &#39;Title&#39;, &#39;State&#39;, &#39;WorkItemType&#39;]
        writer.writerow(header)
        # Iterate over `data`  and  write to the csv file
        for row in data:
            writer.writerow(row)


[Convert csv file to dataframe][2]:

Use `pd.read_csv()` to convert a .csv file to a pandas dataframe.

Call `pd.read_csv(file)` with the path name of a .csv file as file to return a DataFrame with the .csv data.


Here are some reference you can refer to:

 - [query output to .csv][1]
 - [Python converting csv files to dataframes][3]
 - [Convert csv file to pandas dataframe][4]


  [1]: https://stackoverflow.com/questions/47107717/sql-query-output-to-csv/47112458
  [2]: https://www.kite.com/python/answers/how-to-convert-a-%60.csv%60-file-to-a-pandas-dataframe-in-python
  [3]: https://stackoverflow.com/questions/53227868/python-converting-csv-files-to-dataframes
  [4]: https://stackoverflow.com/questions/14514046/convert-csv-file-to-pandas-dataframe",2020-11-16 11:42:03
85,"Visual Studio works just fine using Rosetta 2. MS are working on a ARM build.

VS Code should be available in the next few weeks. You can download an experimental ARM64 build just now",2020-11-16 11:42:03
86,"What Shiva said is right. You may have used a user token to call the API, so an error occurred. The  [API][1] call currently only supports application tokens. You need to grant `application permissions` to the application and use the [client credential flow][2] to obtain Token.

[![enter image description here][3]][3]


  [1]: https://docs.microsoft.com/en-us/graph/api/application-post-calls?view=graph-rest-1.0&amp;tabs=http
  [2]: https://docs.microsoft.com/en-us/azure/active-directory/develop/v2-oauth2-client-creds-grant-flow
  [3]: https://i.stack.imgur.com/WEt3g.png",2020-11-16 11:41:56
87,"You&#39;re creating a datetime object. You can format a datetime object with `strftime`

    import datetime
    
    
    def time(t):
        return datetime.datetime.strptime(t, &quot;%H:%M&quot;)
        
    print(f&quot;{time(&#39;06:00&#39;).strftime(&#39;%H:%M&#39;)}&quot;)",2020-11-16 11:41:42
88,"Angular AOT option is set to true by default since version 9.
do the followings to fix the issue
 
 1. import &#39;@angular/compiler&#39; in main.ts file
 2. upgrade all dependencies
 3. set the &quot;aot&quot; option to false in angular.json
 4. if using &quot;buildOptimizer&quot; flag then set it to false too as &quot;buildOptimizer&quot; works only with &quot;aot&quot; set to true",2020-11-16 11:41:41
89,"Could you please try following, based on your shown samples. `\d` is used in POSIX so you could use `[0-9]` way to match digits here.

    sed -E &#39;s/_+[0-9]+\.[0-9]+\.[0-9]+\.[0-9]+_+[0-9]{14}//g&#39; Input_file


***Explanation:*** 

 - `-E`: Adding `-E` option for enabling extended regular expressions with `sed`.
 - `s/`: Using substitution option with `sed` to substitute matched values by regex with NULL as per requirements.
 - `_+[0-9]+\.[0-9]+\.[0-9]+\.[0-9]+_+[0-9]{14}`: Looking for `_`(underscore) 3 times digits followed by a dot then digits followed by `_` then 14 digits continuous occurrence with NULL in current line.

",2020-11-16 11:19:49
90,"If I understand you correctly, the behavior you described can be achieved by dividing the test execution among multiple CI jobs. For example, each CI job can test a particular area of your portal. For that, run TestCafe with [specified metadata of your fixture/test](https://devexpress.github.io/testcafe/documentation/guides/basic-guides/organize-tests.html#specify-test-metadata). Also, most of the CI systems allow you to cancel all other jobs in a pipeline if one of the jobs fails (unfortunately, Gitlab [hasn&#39;t released](https://gitlab.com/gitlab-org/gitlab/-/issues/23605) this feature yet).

On the other hand, you can use TestCafe&#39;s programmatic API: create multiple TestCafe [runners](https://devexpress.github.io/testcafe/documentation/reference/testcafe-api/runner/), each running the desired subset of tests. However, at the end of the test execution, you&#39;ll need to merge generated reports into one report manually. Check [this](https://stackoverflow.com/a/58100843/13791235) answer to get an idea of how to create multiple runners.
",2020-11-16 11:41:34
91,"&gt; However, std::vector::push_back is not thread-safe.

You do not need synchronization when the threads read/write distinct elements and no thread causes a reallocation of the vector. 

Instead of using `push_back`, resize the vector up-front:

    v.resize( number_of_elements );

Then make sure no two threads are accessing elements at the same index.

PS: If your application utilizes only 20% of the CPU, then most likely performance of your application is not limited by CPU and I would not expect too much improvement by using multiple threads.",2020-11-16 11:41:21
92,"You have to add an `end` statement to close the `alt` block.

As a side note: You do not need to add the square brackets in your `alt` statements. PlantUML renders those itself.

```plantuml
alt condition 1
bob -&gt; alice
   alt condition 2
   bob -&gt; alice
   else condition 3
   bob -&gt; alice
   end
else  condition 4
bob -&gt; alice
end
```",2020-11-16 11:41:13
93,"I spent many sad days trying to come up with a way to do this for C++17, which deprecated `code_cvt` facets, and this is the best I was able to come up with by combining code from a few different sources:

    std::string wideToMultiByte( std::wstring const &amp; wideString )
    {
         std::string ret;
         std::string buff( MB_CUR_MAX, &#39;\0&#39; );

         for ( wchar_t const &amp; wc : wideString )
         {
             int mbCharLen = std::wctomb( &amp;buff[ 0 ], wc );

             if ( mbCharLen &lt; 1 ) { break; }

             for ( int i = 0; i &lt; mbCharLen; ++i ) 
             { 
                 ret += buff[ i ]; 
             }
         }

         return ret;
     }

     std::wstring multiByteToWide( std::string const &amp; multiByteString )
     {
         std::wstring ws( multiByteString.size(), L&#39; &#39; );
         ws.resize( 
             std::mbstowcs( &amp;ws[ 0 ], 
                 multiByteString.c_str(), 
                 multiByteString.size() ) );

         return ws;
     }

 I tested this code on Windows 10, and at least for my purposes, it seems to work fine. Please don&#39;t lynch me if this doesn&#39;t consider some crazy edge cases that you might need to handle, I&#39;m sure someone with more experience can improve on this! :-)

Also, credit where it&#39;s due:

[Adapted for wideToMultiByte()][1]

[Copied for multiByteToWide][2]


  [1]: http://www.cplusplus.com/reference/cstdlib/wctomb/
  [2]: https://stackoverflow.com/a/2573845/3277692",2020-11-16 11:35:12
94,"Why convert that date to a string in the first place? This is inefficient, and unsafe. Instead, you can filter the column directly against literal dates or timestamps.

I suspect you want:

    ses_date &gt;= date &#39;2015-10-22&#39; and ses_date &lt; date &#39;2015-10-24&#39;

This brings dates whose day portion is 2015, October 22nd or 23rd.

Of course, you can also use literal timestamps if you want. If you wanted to replicate the logic of your original code:

    ses_date &gt;= timestamp &#39;2015-10-22 23:59:59&#39; and ses_date &lt; timestamp &#39;2015-10-23 23:59:59&#39;",2020-11-16 11:34:56
95,"The easiest approach would be to first create a mapping of the list you want to sort by. It should associate the id to the actual object.

Then you iterate the list you want to sort by and map it&#39;s values to the object you retrieved from the mapping you just created.

Here a minimal example:

    // both can have more properties of course
    data class Foo(val id: Int) 
    data class Bar(val id: Int)
    
    val fooList = listOf(Foo(4), Foo(2), Foo(1), Foo(3))
    val barList = listOf(Bar(1), Bar(2), Bar(3), Bar(4))
    
    val idValueMap = barList.associateBy { it.id }
    
    val sortedByOtherList = fooList.map { idValueMap[it.id] }

    println(sortedByOtherList)

Result:

&gt; [Bar(id=4), Bar(id=2), Bar(id=1), Bar(id=3)]",2020-11-16 11:35:57
96,"You may use the following approach:

    let resultArr = [];

    array1.forEach(arr1 =&gt; {
      const findElem = array2.find(arr2 =&gt; arr2.id === arr1.id);
      if (findElem) {
        resultArr.push({
          ...arr1,
          ...findElem
        });
      }
    });

    console.log(resultArr);",2020-11-16 11:40:58
97,A nice choice for your need could be `react-beautiful-dnd`.,2020-11-16 11:40:49
98,"For example, like this:

```
mult(N, R) :-
    numlist(1, N, Ns),
    maplist(times(N), Ns, Ps),
    pairs_keys_values(R, Ns, Ps).

times(A, B, R) :- R is A * B.
```

```
?- mult(5, R).
R = [1-5, 2-10, 3-15, 4-20, 5-25].
```

You can make any data structure in your result, for example:

```
mult(N, R) :-
    numlist(1, N, Ns),
    maplist(times(N), Ns, R).

times(A, B, [[A, B], P]) :-
    P is A * B.
```

```
?- mult(5, R).
R = [[[5, 1], 5], [[5, 2], 10], [[5, 3], 15], [[5, 4], 20], [[5, 5], 25]].
```

If you wanted to directly print a &quot;multiplication table&quot;, for example up to 12, you could do it directly:

```
?- forall(between(1, 12, X),
          ( forall(between(1, X, Y),
                   ( P is X * Y,
                     format(&quot;~|~` t~d~5+&quot;, [P])
                   )),
            format(&quot;~n&quot;)
          )).
    1
    2    4
    3    6    9
    4    8   12   16
    5   10   15   20   25
    6   12   18   24   30   36
    7   14   21   28   35   42   49
    8   16   24   32   40   48   56   64
    9   18   27   36   45   54   63   72   81
   10   20   30   40   50   60   70   80   90  100
   11   22   33   44   55   66   77   88   99  110  121
   12   24   36   48   60   72   84   96  108  120  132  144
true.
```",2020-11-16 11:13:10
99,"For material design with Kotlin:

    edit.apply {
        setBackgroundResource(androidx.appcompat.R.drawable.abc_edit_text_material)
    }",2020-11-16 11:40:27
