,Comment,Creation Date
0,Show how to do it with one of them.,2020-11-16 00:27:52
1,"There is an uart rx ISR in the example (<code>_U2EInterrupt</code>). It is triggered on a reception error. DMA has no clue how to deal with reception errors, and the CPU intervention is required.",2020-11-16 00:27:50
2,@Florian it is always appreciated to mark the answer as accepted and upvote when someone takes it time to help you and gives you a working solution.,2020-11-16 00:27:45
3,"@LoicTheAztec, If I understood you correctly, this is impossible, right?",2020-11-16 00:27:45
4,"Pardon my ignorance, but does the dbfiddle and the screenshot of the output not provide the kind of information that is needed? I actually wanted to delete the question, but I can&#39;t because it has been flagged by another post as a duplicate.",2020-11-16 00:27:40
5,"Thank you. I tried adding an extra layer. For the embedding dimensions, rnn units, and sequence length  should I be trying increasing or decreasing them?",2020-11-16 00:27:37
6,You can shell out to run a windows copy.,2020-11-16 00:27:35
7,You need to provide us with code.,2020-11-16 00:27:30
8,But how do I create and insert the data into the table?,2020-11-16 00:27:28
9,What a nice and unexpected solution! You are a Mozart of javascript streams and buffers!,2020-11-16 00:27:27
10,I must be missing something:    d = df.groupby(&#39;TICKER&#39;).first(3).groupby(&#39;TICKER&#39;)   I get this error:    &lt;pandas.core.groupby.generic.DataFrameGroupBy object at 0x7f0511a0a4e0&gt;,2020-11-16 00:27:24
11,"Based on the code shown above, I dont see any use case of <code>async await</code>, you are may be over thinking. Try to remove <code>async await</code> and see if that resolves. You are calling this.props.setInitialSteps();` which will run synchronously and return and execute next line in your click handler.",2020-11-16 00:27:16
12,It was just the port,2020-11-16 00:27:13
13,Thanks. This addresses my problem exactly. Somehow I missed this in the docs. If I understood correctly the delimiter is a comma as opposed to colon?,2020-11-16 00:27:07
14,I am confused as to how this ranks the values? Won&#39;t this just add a sequence within each market? I have only been coding a few weeks so I could be missing something?,2020-11-16 00:26:52
15,"Not sure what I should edit there. The code snippet you show is not JSON. For starters, JSON does not have single-quote strings. You&#39;ll need a JS parser, that&#39;s all I&#39;m saying. Your easiest shot might be something like Selenium with a headless browser. This would mean you get a full-featured HTML and JS parser without needing to do any plumbing yourself. You can then extract the value you&#39;re looking for from the browser console.",2020-11-16 00:26:51
16,"Thanks, @azium !",2020-11-16 00:26:49
17,Run it like <code>java AverageNumbers 5</code> where <code>5</code> is <code>args[0]</code>.,2020-11-16 00:26:45
18,You&#39;re welcome @peregrinefalcon.,2020-11-16 00:26:45
19,The error message: <code>ERROR:  permission denied to create foreign-data wrapper &quot;testwrap&quot; HINT:  Must be superuser to create a foreign-data wrapper.</code> tells you can&#39;t do that without becoming a <code>superuser</code>.  You will need to do this as <code>rdsadmin</code>.,2020-11-16 00:26:37
20,"Thank you for helping me with this! I updated my question to better reflect some of the specifics around the problem I&#39;m dealing with. Namely, I need something that views the string as we continue to add shipping zones over time because there are multiple numbered instances with each shipping type. Also, I need one set of shipping methods to assign order status of &#39;awaiting-pickup&#39; while the other two shipping methods assign a different order status of &#39;awaiting-delivery&#39;. Thank you again for helping me with this problem.",2020-11-16 00:26:12
21,"That is true, I&#39;m trying to make signOut trigger the onAuthChanged, but even that is not happening. Will update the question.",2020-11-16 00:26:12
22,"How are you applying Huffman compression? If there are just two symbols (0 and 1) naive Huffman won&#39;t compress anything. If you start treating blocks of bits as individual characters, you may be able to improve things a bit.",2020-11-16 00:26:10
23,"@Reishin As I say in my disclaimer, &quot;If you&#39;re storing, for example, a list or other collection, then I don&#39;t think there&#39;s any reasonable way to ensure that the entire list remains the same type&quot;. I don&#39;t know of any good way to accomplish that in python, as all collections are generic and type hints aren&#39;t compiled.",2020-11-16 00:25:55
24,"The parallel threads are represented with combined fragment (see my answer in the the suggested question above).  If you need more parallel threads,  just add some horizontal lines to add another slicle/thread to the box of the combined fragment.",2020-11-16 00:25:36
25,<code>killall rclone</code>?,2020-11-16 00:25:33
26,"This is one of the best explanations of <i>anything</i> on SO. In particular, the breakdown and exemplar issue with <code>-X ours</code> versus <code>-X theirs</code> was exceedingly helpful. Thanks!",2020-11-16 00:25:29
27,"I would like it to be signed short to represent values from -32,768 to 32,767",2020-11-16 00:25:14
28,"Post-hoc power is a concept that most experienced users of R think of as a SAS-inspired abomination. (Perhaps abomination is too strong, perhaps SAS-mistake or SAS-wierdness-that-is-meaningless.)  It shouldn&#39;t be difficult to describe a simulation construction task that doesn&#39;t refer to post-hoc power analysis. A couple of stackexchange citations in CrossValidated.com will help explain our perspective:  <a href=""https://stats.stackexchange.com/questions/158113/post-hoc-power-size-calculation"" title=""post hoc power size calculation"">stats.stackexchange.com/questions/158113/&hellip;</a> ; <a href=""https://stats.stackexchange.com/questions/49772/post-hoc-power-analysis"" title=""post hoc power analysis"">stats.stackexchange.com/questions/49772/post-hoc-power-analy&zwnj;&#8203;sis</a>",2020-11-16 00:24:52
29,How do I update TextFormField with the difference?,2020-11-16 00:24:51
30,"Already answered at <a href=""https://stackoverflow.com/questions/12545762/what-is-a-typedef-in-dart"" title=""what is a typedef in dart"">stackoverflow.com/questions/12545762/what-is-a-typedef-in-da&zwnj;&#8203;rt</a>",2020-11-16 00:24:37
31,"maybe <a href=""https://docs.microsoft.com/en-us/cpp/build/walkthrough-creating-and-using-a-static-library-cpp?view=msvc-160"" rel=""nofollow noreferrer"">docs.microsoft.com/en-us/cpp/build/&hellip;</a>",2020-11-16 00:24:30
32,but how to pass that index number and get that index value? would you kindly add example?,2020-11-16 00:24:07
33,"You make it go faster by using arithmetic instead of searching. (Also, there are bugs. You&#39;re assuming that a == b, but if you take C = 3, X = 5, D = 1, Y &gt; 1, the smallest answer is A = 1, B = 2 – not A = 4, B = 4. )",2020-11-16 00:24:04
34,Evidently you are passing no command line arguments to your program.,2020-11-16 00:24:02
35,Have you tried anything?,2020-11-16 00:24:02
36,"Now <code>A</code> is the <i>class</i> type, so <code>found as A</code> wouldn&#39;t be right.",2020-11-16 00:23:56
37,"This is in response to a comment by OP that now seems to have disappeared... In my limited understanding, Node.js is a back-end (ie server-side) technology, and Express is a framework that can be used with it to help with routing among other things (See: <a href=""https://developer.mozilla.org/en-US/docs/Learn/Server-side/Express_Nodejs"" rel=""nofollow noreferrer"">developer.mozilla.org/en-US/docs/Learn/Server-side/&hellip;</a>). If you want to make a single-page application that handles routing on the front end (ie client side), that&#39;s where something like Vue, React, or Angular might come in (Eg, see: <a href=""https://www.educative.io/blog/react-angular-vue-comparison."" rel=""nofollow noreferrer"">educative.io/blog/react-angular-vue-comparison.</a>)",2020-11-16 00:23:55
38,"kerbh0lz is right, all those <code>&lt;script&gt;alert(&#39;Incorrect Username!&#39;)&lt;&#47;scipt&gt;</code> and similar statements need to be enclosed in echo statements in order to be valid PHP. Also they all have the same typo in them - needs to be <code>&lt;&#47;script&gt;</code> not <code>&lt;&#47;scipt&gt;</code>.",2020-11-16 00:23:51
39,Every 50x nginx error should have the corresponding error log record.,2020-11-16 00:23:45
40,Remark about <code>concatenated_df[&#39;Count&#39;]=1</code> and the <code>sum()</code> you do later: you can do this in a single step by using <code>count()</code> instead of <code>sum()</code>.,2020-11-16 00:23:42
41,"Check the refrencing project and what it uses. I have often just hasty added a classlib and made it .net framework instead of core (now .net). As a second attemt, try change sdk to Microsoft.NET.Sdk.Web",2020-11-16 00:23:36
42,the generated image files are saved in same location as the video,2020-11-16 00:23:36
43,Please include your CSS,2020-11-16 00:23:34
44,I added some more records to the table to test a case where there could be more than 2 7 day buckets for an event with &#39;no&#39; results.It seems like the query you provided counts up to 2 occurrences only.  INSERT STATEMENT: ```,2020-11-16 00:23:30
45,"Does this answer your question? <a href=""https://stackoverflow.com/questions/46318979/how-to-model-parallel-threads-in-a-uml-sequence-diagram"">How to model parallel threads in a UML sequence diagram</a>",2020-11-16 00:23:22
46,"@BrainLag You might want to look at <a href=""https://code.visualstudio.com/docs/java/java-project"" rel=""nofollow noreferrer"">code.visualstudio.com/docs/java/java-project</a> on how to manage your java project in VS code.",2020-11-16 00:23:17
47,"As a guide though, you want to <code>loop</code> through <code>sheet1</code>, then in the loop <code>Split</code> column B values by the <code>comma</code>, then <code>loop</code> through the split variable using <code>Lbound to Ubound</code>, then <code>loop</code> through <code>sheet2</code> column B using <code>Instr</code> to determine if the split value exists within that line. Then you can tally up or whatever you need to do with that.",2020-11-16 00:23:12
48,Do you use containers/docker. Try todo the connlimit for <code>INPUT</code> not `FORWARD``,2020-11-16 00:23:08
49,"Ah, yeah -- I think I tried iterating with <code>each</code> early one, but kept reading in various documentation and SO questions that it was redundant in jQuery; but your solution isn&#39;t redundant because it adds a new layer of scope -- did I get that right?",2020-11-16 00:23:06
50,"As i failed to mention that i am using postgres 9.6 the provided query is giving <code>[22023] ERROR: cannot call jsonb_each_text on a non-object</code>, pretty sure that is version related",2020-11-16 00:22:59
51,I apologize for the misunderstanding,2020-11-16 00:22:48
52,I’m doing this as the user sourceUser,2020-11-16 00:22:36
53,I have added a code snippet,2020-11-16 00:22:35
54,"No, it did not work for me because I need to verify at decide class at resolve",2020-11-16 00:22:34
55,"@NewDev I think this is similar to what I&#39;m looking for, but the difference is that I need to go down a level to access my array of instances(InstanceResponseList.data.instances) from my <code>getInstance</code>. How do I handle that?",2020-11-16 00:22:13
56,"Are you running this under actual DOS, or under your own OS?",2020-11-16 00:22:10
57,"it is vanilla JS. <a href=""https://developer.mozilla.org/en-US/docs/Web/JavaScript/Reference/Operators/Destructuring_assignment#Assigning_to_new_variable_names"" rel=""nofollow noreferrer"">developer.mozilla.org/en-US/docs/Web/JavaScript/Reference/&hellip;</a>",2020-11-16 00:22:08
58,I&#39;m using visual studio code and I&#39;m not sure how to access the classpath. EDIT: just found it hold on please.,2020-11-16 00:22:07
59,Really good idea! I will give it a shot!,2020-11-16 00:22:06
60,"@jonrsharpe Oh, that&#39;s how you do it, thanks!",2020-11-16 00:22:01
61,"Both List an Dictionary are available in the .Net framework to any language using the framework. Since your class does not contain an ID property, I can see why you chose a Dictionary.",2020-11-16 00:21:51
62,"Well then, in such case what I described in the previous comment should work for you, in principle",2020-11-16 00:21:48
63,"What if we have <code>df=pd.DataFrame({&#39;player&#39;:[&#39;John&#39;, &#39;Will&#39;, &#39;John&#39;, &#39;Will&#39;, &#39;John&#39;, &#39;Will&#39;],&#39;round&#39;:[0, 0, 1, 1, 2, 2],&#39;points&#39;:[3.0, 5.0, 3.4, 6.5, 13.4, 16.5]})</code>",2020-11-16 00:21:47
64,@IvanShatsky nginx error log is empty,2020-11-16 00:21:41
65,This doesn&#39;t work. The cancel button and empty input both return a length 0 string.,2020-11-16 00:21:39
66,Why scipy loss and ahoosh&#39;s method are different?,2020-11-16 00:21:37
67,"The static files are in /var/html inside the docker wordpress image. I start the docker wordpress img, and the wordpressdb image and expose the port 8070. I then use Nginx on my ubuntu server to serve as reverse proxy.",2020-11-16 00:21:34
68,Awesome. Second one is probably slightly more efficient for large lists but you wont see any difference with small lists.,2020-11-16 00:21:22
69,"In order to replicate your situation, can you provide a sample value of <code>$response</code> or <code>$values</code> which occurs your error? By this, I would like to confirm it.",2020-11-16 00:21:22
70,"@Peter Duniho Oh, wait, the reverse is true if I uncheck &#39;Prefer 32-bit&#39;. Then, AnyCPUApp will run with X64Lib but no X86Lib.",2020-11-16 00:21:21
71,Please edit the question to explain in more detail what specifically isn&#39;t working the way you expect with this code. &quot;I seem unable to read from Firestore&quot; isn&#39;t enough to work with.,2020-11-16 00:21:15
72,"Does this answer your question? <a href=""https://stackoverflow.com/questions/27171522/convert-int-to-16-bit-unsinged-short"">Convert int to 16 bit unsinged short</a>",2020-11-16 00:21:14
73,Have you tried using a hierarchical query to solve this rather than querying the same table multiple times at different levels of the hierarchy and then relyin on <code>UNION</code> and self joins.,2020-11-16 00:21:05
74,Which IDE (if any) are you using? How have you setup the classpath for your application? How does the classpath of your application/project currently look? How does the workspace in your IDE look like (assuming you use an IDE)?,2020-11-16 00:21:01
75,"For starters, path names need to be null-terminated, so you want <code>DirectoryX db &#39;X&#39;, 0</code> and so forth.  Also, the correct way to check for an error return from a DOS call is to test the carry flag; only if it is set can you expect the error code in AX to be meaningful.  And note that if there is an error, the error code could be something other than one of the possibilities you explicitly test.",2020-11-16 00:20:57
76,"You&#39;d have to use a <code>CancelToken</code> (<a href=""https://github.com/axios/axios#cancellation"" rel=""nofollow noreferrer"">github.com/axios/axios#cancellation</a>) to cancel a request. Please post the code of your <code>getFile</code> function.",2020-11-16 00:20:54
77,"Instead of a ternary operation, you could go with boolean logic: <code>(selectedExtension === &#39;all&#39;) || (file.extension.includes(selectedExtension) &amp;&amp; file.filename.toLowerCase().includes(filenameFilterString))</code>",2020-11-16 00:20:44
78,"Can you post more code or create a fiddle like this one? <a href=""http://jsfiddle.net/totszwai/j60h38fy/5/"" rel=""nofollow noreferrer"">jsfiddle.net/totszwai/j60h38fy/5</a>  Also, take a look at this. <a href=""https://stackoverflow.com/questions/2124351/setting-width-as-a-percentage-using-jquery"" title=""setting width as a percentage using jquery"">stackoverflow.com/questions/2124351/&hellip;</a>",2020-11-16 00:20:43
79,Check out dimensions of <code>X_train_flat</code> and <code>y_train_oh</code>. The sizes of resulting batches should match the placeholder dimensions.,2020-11-16 00:20:35
80,"<code>$leaders</code> is a User object, which represents one user. That&#39;s what <code>new User</code> does - it creates a single User object. You can&#39;t add other user objects into it. Maybe you need an array instead.",2020-11-16 00:20:32
81,@churill That would be way too broad even if asked separately.,2020-11-16 00:20:28
82,Should the title be &quot;Permissions&quot; rather than &quot;Perminions&quot;?,2020-11-16 00:20:24
83,Could you edit the question as you feel appropriate? @Tomalak,2020-11-16 00:20:20
84,It will trigger on both signin and signout.  How are you observing that it doesn&#39;t work for signout?  Please edit the question to provide the full steps and code for that.,2020-11-16 00:20:16
85,"What is your actual question?  All you posted here is one sentence telling us what you are interested in learning about, but didn&#39;t actually ask anything.",2020-11-16 00:20:13
86,"This doesn&#39;t work because InputBox returns an empty string on cancel, not <code>Nothing</code>.",2020-11-16 00:20:04
87,"you can of course install ver 3.6 systemwide if you feel  it is better for your requirements. However, you don&#39;t need to do download from python.org manually because  conda will pull python version you indicate for example conda create -n &lt;myproject&gt; python=3.6.10",2020-11-16 00:19:53
88,like <code>df.groupby(&#39;TICKER&#39;).first(3).groupby(&#39;TICKER&#39;)</code>?,2020-11-16 00:19:49
89,The app &quot;performing&quot; your instrumented tests [your.package.name].test is a &quot;regular&quot; application. You can read android.app.Instrumentation source code which internally uses UiAutomation.,2020-11-16 00:19:48
90,"<a href=""https://stackoverflow.com/questions/388242/the-definitive-c-book-guide-and-list"" title=""the definitive c book guide and list"">stackoverflow.com/questions/388242/&hellip;</a>",2020-11-16 00:19:47
91,"none of the code you&#39;ve shown has anything to do with <code>refreshToken</code> ... other than the fact that the <code>currentHashedRefreshToken</code> is actually (I&#39;m guessing since I can&#39;t decrypt it) the hashed password used for creating the <code>refreshToken</code> - the value of <code>refreshToken</code> has nothing to do with <code>isRefreshTokenMatching</code> based on the code you&#39;ve shown - again, you&#39;ll have to show how <code>isRefreshTokenMatching</code> is calculated if you want more information",2020-11-16 00:19:43
92,Wouldn&#39;t e.g. <code>typeof Animal</code> or <code>new() =&gt; A</code> be better than just <code>Function</code>?,2020-11-16 00:19:42
93,"Caution there though, as using <code>AsEnumerable</code> or <code>ToList</code> will materialize <i>all</i> rows to memory. With a small dataset that cost can be acceptable, but if the # of rows grows over time it is a bit of a landmine.",2020-11-16 00:19:38
94,"You basically ask how compilers work. And how makefiles work. That&#39;s way too broad, for one question.",2020-11-16 00:19:36
95,"Hey Cary  Almost. Rather I&#39;m trying to distribute the elements in the array from the max value, starting from the following element and looping back through.   So with an array of [1,2,3,2,1] it would become [2,2,0,3,2] having already incremented by a count of three, distributed across the following elements in the loop chain",2020-11-16 00:19:34
96,"Based on the URL of your link containing your profile site, you appear to have linked to your own site/a site you&#39;re affiliated with. If you do, you must disclose that it&#39;s your site in your post. If you don&#39;t disclose affiliation, it&#39;s considered spam. See: <a href=""https://meta.stackexchange.com/q/182212"">What signifies &quot;Good&quot; self promotion?</a>, <a href=""/help/promotion"">some tips and advice about self-promotion</a>, <a href=""https://meta.stackoverflow.com/q/260638"">What is the exact definition of &quot;spam&quot; for Stack Overflow?</a>, and <a href=""https://meta.stackexchange.com/a/58035"">What makes something spam</a>.",2020-11-16 00:19:34
97,@Jossy: welcome. You would need to assess the performance of both queries against your actual dataset.,2020-11-16 00:19:33
98,"Start with this fiddle <a href=""https://jsfiddle.net/user2314737/tft5ndj1/"" rel=""nofollow noreferrer"">jsfiddle.net/user2314737/tft5ndj1</a>",2020-11-16 00:19:26
99,"thank you very much indeed, you take care of yourself",2020-11-16 00:19:21
